App name,Date,Time,Duration
com.samsung.android.privacydashboard,01/01/70,01:00:00,00:00:00
com.spotify.music,01/01/70,01:00:00,00:00:00
com.samsung.sec.android.application.csc,01/01/70,01:00:00,00:00:00
com.samsung.sec.android.application.csc,01/01/70,01:00:00,00:00:00
com.sec.android.sdhms,01/01/70,01:00:00,00:00:00
com.samsung.sec.android.application.csc,01/01/70,01:00:00,00:00:00
com.samsung.sec.android.application.csc,01/01/70,01:00:00,00:00:00
com.android.bluetooth,01/01/70,01:00:00,00:00:00
com.fitbit.FitbitMobile,01/01/70,01:00:00,00:00:00
com.samsung.sec.android.application.csc,01/01/70,01:00:00,00:00:00
com.samsung.sec.android.application.csc,01/01/70,01:00:00,00:00:00
com.sec.android.sdhms,01/01/70,01:00:00,00:00:00
com.google.android.gsf,01/01/70,01:00:00,00:00:00
com.samsung.sec.android.application.csc,01/01/70,01:00:00,00:00:00
com.android.providers.userdictionary,01/01/70,01:00:00,00:00:00
com.samsung.sec.android.application.csc,01/01/70,01:00:00,00:00:00
com.samsung.sec.android.application.csc,01/01/70,01:00:00,00:00:00
com.samsung.sec.android.application.csc,01/01/70,01:00:00,00:00:00
com.samsung.sec.android.application.csc,01/01/70,01:00:00,00:00:00
com.android.providers.userdictionary,01/01/70,01:00:00,00:00:00
com.android.bluetooth,01/01/70,01:00:00,00:00:00
com.samsung.sec.android.application.csc,01/01/70,01:00:00,00:00:00
com.whatsapp,01/01/70,01:00:00,00:00:00
com.android.bluetooth,01/01/70,01:00:00,00:00:00
com.samsung.sec.android.application.csc,01/01/70,01:00:00,00:00:00
com.sec.android.app.launcher,01/01/70,01:00:00,00:00:00
com.android.systemui,01/01/70,01:00:00,00:00:00
com.samsung.sec.android.application.csc,01/01/70,01:00:00,00:00:00
com.samsung.sec.android.application.csc,01/01/70,01:00:00,00:00:00
com.samsung.sec.android.application.csc,01/01/70,01:00:00,00:00:00
com.samsung.sec.android.application.csc,01/01/70,01:00:00,00:00:00
com.samsung.sec.android.application.csc,01/01/70,01:00:00,00:00:00
com.sec.android.diagmonagent,01/01/70,01:00:00,00:00:00
com.spotify.music,01/01/70,01:00:00,00:00:00
com.samsung.sec.android.application.csc,01/01/70,01:00:00,00:00:00
com.sec.android.sdhms,01/01/70,01:00:00,00:00:00
com.samsung.sec.android.application.csc,01/01/70,01:00:00,00:00:00
com.samsung.sec.android.application.csc,01/01/70,01:00:00,00:00:00
com.samsung.sec.android.application.csc,01/01/70,01:00:00,00:00:00
com.android.systemui,01/01/70,01:00:00,19:13:54
com.example.nextapp,12/17/23,20:13:54.045000,00:01:07
com.sec.android.app.sbrowser,12/17/23,20:15:01.933000,00:00:16
com.sec.android.app.camera,12/17/23,20:15:17.964000,00:00:22
com.sec.android.app.launcher,12/17/23,20:15:40.234000,04:10:25
com.sec.android.app.launcher,12/23/23,00:26:05.565000,00:00:04
de.dm.meindm.android,12/23/23,00:26:10.277000,00:00:15
com.sec.android.app.sbrowser,12/23/23,00:26:26.021000,00:02:52
com.google.android.gm,12/23/23,00:29:18.131000,00:00:10
com.sec.android.app.sbrowser,12/23/23,00:29:29.043000,00:01:38
com.android.settings,12/23/23,00:31:07.770000,19:30:55
com.example.nextapp,12/23/23,20:02:03.207000,00:00:25
com.android.settings,12/23/23,20:02:28.784000,00:01:16
com.android.settings.intelligence,12/23/23,20:03:44.881000,00:00:20
com.android.settings,12/23/23,20:04:04.914000,00:00:21
com.android.settings.intelligence,12/23/23,20:04:26.756000,00:00:14
com.android.settings,12/23/23,20:04:41.287000,00:00:16
com.samsung.android.lool,12/23/23,20:04:57.904000,00:00:27
com.samsung.android.app.galaxyfinder,12/23/23,20:05:25.233000,00:00:11
com.android.settings,12/23/23,20:05:36.818000,00:00:20
com.samsung.android.lool,12/23/23,20:05:57.283000,00:00:22
com.android.settings.intelligence,12/23/23,20:06:19.654000,00:00:44
com.samsung.android.lool,12/23/23,20:07:03.708000,00:00:54
com.android.settings.intelligence,12/23/23,20:07:58.270000,00:00:38
com.sec.android.app.launcher,12/23/23,20:08:36.339000,00:00:01
com.sec.android.app.camera,12/23/23,20:08:37.613000,00:00:40
com.sec.android.app.launcher,12/23/23,20:09:18.082000,00:03:24
com.samsung.android.messaging,12/23/23,20:12:42.482000,00:00:40
com.sec.android.app.launcher,12/23/23,20:13:22.521000,00:00:27
com.sec.android.gallery3d,12/23/23,20:13:49.895000,00:00:09
com.google.android.youtube,12/23/23,20:13:59.047000,03:11:48
com.duolingo,12/23/23,23:25:47.839000,00:04:15
com.sec.android.app.clockpackage,12/23/23,23:30:03.354000,00:01:06
com.samsung.android.messaging,12/23/23,23:31:10.129000,00:00:18
com.sec.android.app.launcher,12/23/23,23:31:28.940000,00:54:14
de.dm.meindm.android,12/24/23,00:25:43.932000,00:05:39
com.sec.android.app.sbrowser,12/24/23,00:31:23.194000,05:14:37
com.sec.android.app.clockpackage,12/24/23,05:46:00.663000,00:00:19
com.samsung.android.messaging,12/24/23,05:46:19.709000,00:00:10
com.sec.android.app.launcher,12/24/23,05:46:30.201000,00:35:27
com.samsung.android.messaging,12/24/23,06:21:57.944000,00:00:09
com.sec.android.app.launcher,12/24/23,06:22:07,02:40:30
com.sec.android.app.camera,12/24/23,09:02:37.346000,00:00:15
com.sec.android.app.launcher,12/24/23,09:02:52.637000,00:19:51
com.sec.android.app.camera,12/24/23,09:22:44.296000,00:00:13
com.sec.android.app.launcher,12/24/23,09:22:58.182000,00:11:36
com.sec.android.app.camera,12/24/23,09:34:34.737000,00:00:07
com.sec.android.app.launcher,12/24/23,09:34:42.371000,00:04:40
com.sec.android.app.camera,12/24/23,09:39:22.988000,00:00:19
com.sec.android.app.launcher,12/24/23,09:39:42.106000,00:19:44
com.sec.android.app.camera,12/24/23,09:59:26.980000,00:00:14
com.sec.android.app.launcher,12/24/23,09:59:41.690000,00:19:18
com.sec.android.app.camera,12/24/23,10:18:59.838000,00:00:07
com.sec.android.app.launcher,12/24/23,10:19:07.130000,00:04:33
com.sec.android.app.camera,12/24/23,10:23:40.579000,00:00:07
com.sec.android.app.launcher,12/24/23,10:23:47.867000,00:48:00
com.sec.android.app.camera,12/24/23,11:11:48.460000,00:00:12
com.sec.android.app.launcher,12/24/23,11:12:00.512000,00:02:18
com.sec.android.app.camera,12/24/23,11:14:18.743000,00:00:09
com.sec.android.app.launcher,12/24/23,11:14:27.936000,00:29:22
com.sec.android.app.camera,12/24/23,11:43:50.503000,00:01:14
com.sec.android.app.launcher,12/24/23,11:45:04.952000,00:00:05
com.sec.android.gallery3d,12/24/23,11:45:10.387000,00:00:19
com.sec.android.app.camera,12/24/23,11:45:30.035000,00:00:08
com.sec.android.gallery3d,12/24/23,11:45:38.211000,01:45:20
com.android.settings,12/24/23,13:30:58.513000,00:00:15
com.spotify.music,12/24/23,13:31:13.709000,01:06:24
com.samsung.android.messaging,12/24/23,14:37:38.465000,00:00:06
com.sec.android.gallery3d,12/24/23,14:37:45.383000,00:01:47
com.samsung.android.messaging,12/24/23,14:39:33.045000,00:05:11
com.sec.android.app.camera,12/24/23,14:44:44.144000,00:00:38
com.sec.android.gallery3d,12/24/23,14:45:22.390000,00:16:29
com.samsung.android.messaging,12/24/23,15:01:51.936000,00:00:12
com.pinterest,12/24/23,15:02:04.670000,00:22:23
com.google.android.youtube,12/24/23,15:24:28.164000,03:13:49
com.samsung.android.messaging,12/24/23,18:38:17.189000,00:13:02
com.google.android.youtube,12/24/23,18:51:19.196000,00:25:00
com.sec.android.app.launcher,12/24/23,19:16:19.981000,02:28:22
com.pinterest,12/24/23,21:44:42.039000,00:05:01
com.samsung.android.messaging,12/24/23,21:49:43.836000,00:01:36
com.pinterest,12/24/23,21:51:20.298000,00:03:04
com.google.android.youtube,12/24/23,21:54:24.752000,00:00:00
com.google.android.youtube,12/24/23,21:54:24.752000,01:05:43
com.sec.android.app.launcher,12/24/23,23:00:08.013000,00:00:10
com.google.android.youtube,12/24/23,23:00:18.978000,00:43:58
com.duolingo,12/24/23,23:44:17.653000,00:01:55
com.google.android.youtube,12/24/23,23:46:13.064000,00:35:57
com.samsung.android.messaging,12/25/23,00:22:10.579000,00:01:46
com.sec.android.app.sbrowser,12/25/23,00:23:57.547000,00:00:00
com.sec.android.app.sbrowser,12/25/23,00:23:57.547000,00:00:09
com.samsung.android.messaging,12/25/23,00:24:06.942000,00:01:12
com.sec.android.app.launcher,12/25/23,00:25:19.737000,00:00:14
com.android.settings,12/25/23,00:25:34.228000,00:20:07
com.android.settings,12/25/23,00:45:41.968000,12:08:32
com.example.nextapp,12/26/23,12:54:14.266000,00:00:22
com.duolingo,12/26/23,12:54:36.672000,00:01:00
com.sec.android.app.sbrowser,12/26/23,12:55:36.830000,00:00:32
com.sec.android.app.launcher,12/26/23,12:56:09.472000,00:00:14
com.android.settings.intelligence,12/26/23,12:56:23.903000,00:00:22
com.android.settings,12/26/23,12:56:46.428000,00:00:29
com.android.settings.intelligence,12/26/23,12:57:16.172000,00:00:14
com.android.settings,12/26/23,12:57:31.031000,00:00:56
com.sec.android.app.launcher,12/26/23,12:58:27.419000,00:00:48
com.samsung.android.calendar,12/26/23,12:59:15.937000,00:01:42
com.sec.android.app.launcher,12/26/23,13:00:58.748000,00:00:20
com.google.android.youtube,12/26/23,13:01:18.877000,01:01:30
com.sec.android.app.sbrowser,12/26/23,14:02:49.203000,00:28:55
com.sec.android.app.launcher,12/26/23,14:31:44.342000,00:00:03
com.pinterest,12/26/23,14:31:47.800000,00:09:42
com.google.android.gms,12/26/23,14:41:29.842000,00:00:02
com.pinterest,12/26/23,14:41:32.227000,01:42:21
com.samsung.android.messaging,12/26/23,16:23:54.128000,00:00:12
com.whatsapp,12/26/23,16:24:06.841000,00:00:47
com.samsung.android.messaging,12/26/23,16:24:54.173000,00:02:40
com.pinterest,12/26/23,16:27:34.218000,00:00:24
com.sec.android.app.launcher,12/26/23,16:27:58.944000,00:00:10
com.google.android.youtube,12/26/23,16:28:09.943000,01:46:36
com.sec.android.app.sbrowser,12/26/23,18:14:46.100000,00:00:02
com.google.android.youtube,12/26/23,18:14:48.181000,00:58:53
com.samsung.android.messaging,12/26/23,19:13:41.200000,00:03:21
com.google.android.youtube,12/26/23,19:17:03.002000,00:07:04
com.pinterest,12/26/23,19:24:07.508000,04:43:45
com.sec.android.app.launcher,12/27/23,00:07:53.141000,00:00:04
com.google.android.youtube,12/27/23,00:07:57.545000,00:13:45
com.sec.android.app.launcher,12/27/23,00:21:42.586000,00:00:07
com.sec.android.app.camera,12/27/23,00:21:50.011000,00:01:03
com.samsung.android.messaging,12/27/23,00:22:53.611000,00:06:14
com.sec.android.app.launcher,12/27/23,00:29:07.832000,00:00:15
com.sec.android.app.clockpackage,12/27/23,00:29:22.911000,09:26:39
com.sec.android.app.clockpackage,12/27/23,09:56:02.509000,00:04:51
com.samsung.android.incallui,12/27/23,10:00:53.617000,00:00:51
com.sec.android.app.clockpackage,12/27/23,10:01:44.906000,00:03:55
com.samsung.android.messaging,12/27/23,10:05:40.303000,00:00:14
com.sec.android.app.clockpackage,12/27/23,10:05:54.359000,00:00:16
com.google.android.gm,12/27/23,10:06:11.232000,00:00:19
com.samsung.android.messaging,12/27/23,10:06:31.131000,00:01:38
org.iggymedia.periodtracker,12/27/23,10:08:09.764000,00:03:07
com.samsung.android.messaging,12/27/23,10:11:17.015000,00:06:39
com.whatsapp,12/27/23,10:17:56.195000,00:00:08
com.pinterest,12/27/23,10:18:04.376000,00:00:36
com.samsung.android.messaging,12/27/23,10:18:40.906000,00:04:19
com.pinterest,12/27/23,10:23:00.261000,00:19:19
com.samsung.android.messaging,12/27/23,10:42:19.732000,00:04:01
com.sec.android.app.launcher,12/27/23,10:46:20.931000,00:00:32
com.sec.android.app.sbrowser,12/27/23,10:46:53.239000,00:01:24
com.sec.android.app.launcher,12/27/23,10:48:17.414000,00:43:18
com.samsung.android.incallui,12/27/23,11:31:36.004000,00:00:15
com.sec.android.app.launcher,12/27/23,11:31:51.097000,00:04:49
com.samsung.android.incallui,12/27/23,11:36:40.154000,00:00:27
com.sec.android.app.launcher,12/27/23,11:37:08.057000,00:00:06
com.pinterest,12/27/23,11:37:14.599000,00:04:46
com.samsung.android.incallui,12/27/23,11:42:01.484000,00:03:10
com.pinterest,12/27/23,11:45:12.424000,00:03:33
com.samsung.android.incallui,12/27/23,11:48:46.329000,00:18:47
com.pinterest,12/27/23,12:07:33.657000,05:24:10
com.whatsapp,12/27/23,17:31:43.947000,00:00:13
com.pinterest,12/27/23,17:31:57.255000,00:21:32
com.samsung.android.messaging,12/27/23,17:53:29.969000,00:00:16
com.pinterest,12/27/23,17:53:46.341000,04:40:36
com.duolingo,12/27/23,22:34:23.075000,00:01:43
com.pinterest,12/27/23,22:36:06.209000,00:00:37
com.samsung.android.messaging,12/27/23,22:36:43.706000,00:03:31
com.pinterest,12/27/23,22:40:14.868000,00:08:40
com.sec.android.app.launcher,12/27/23,22:48:55.367000,00:00:24
com.sec.android.app.clockpackage,12/27/23,22:49:19.665000,11:06:42
com.sec.android.app.clockpackage,12/28/23,09:56:02.493000,02:40:37
com.samsung.android.messaging,12/28/23,12:36:40.334000,00:00:03
com.sec.android.app.clockpackage,12/28/23,12:36:43.494000,00:25:52
com.microsoft.office.outlook,12/28/23,13:02:36.336000,00:00:22
com.sec.android.app.sbrowser,12/28/23,13:02:58.486000,00:00:20
com.samsung.android.app.notes,12/28/23,13:03:19.214000,00:00:03
com.samsung.android.app.notes,12/28/23,13:03:22.260000,00:01:26
com.samsung.android.messaging,12/28/23,13:04:48.421000,00:00:53
com.sec.android.app.launcher,12/28/23,13:05:42.243000,00:00:12
com.samsung.android.messaging,12/28/23,13:05:54.421000,00:03:09
com.sec.android.app.launcher,12/28/23,13:09:03.613000,00:00:04
com.samsung.android.messaging,12/28/23,13:09:08.546000,00:00:48
com.samsung.android.app.notes,12/28/23,13:09:56.639000,00:00:37
com.sec.android.app.launcher,12/28/23,13:10:33.639000,00:00:06
com.google.android.youtube,12/28/23,13:10:40.249000,00:00:59
com.samsung.android.messaging,12/28/23,13:11:40.062000,02:57:41
com.sec.android.app.launcher,12/28/23,16:09:21.162000,00:00:45
com.android.settings.intelligence,12/28/23,16:10:06.457000,00:00:18
com.android.settings,12/28/23,16:10:24.856000,00:00:19
com.sec.android.app.launcher,12/28/23,16:10:44.112000,00:03:26
com.samsung.android.messaging,12/28/23,16:14:10.389000,00:38:35
com.sec.android.app.launcher,12/28/23,16:52:46.342000,00:06:08
com.whatsapp,12/28/23,16:58:55.128000,00:00:08
com.pinterest,12/28/23,16:59:03.131000,00:13:53
com.sec.android.app.launcher,12/28/23,17:12:56.743000,00:00:06
com.samsung.android.messaging,12/28/23,17:13:03.249000,00:00:51
com.sec.android.app.launcher,12/28/23,17:13:54.703000,01:00:17
com.sec.android.app.sbrowser,12/28/23,18:14:11.819000,01:40:44
com.samsung.android.messaging,12/28/23,19:54:56.642000,00:00:07
com.sec.android.app.sbrowser,12/28/23,19:55:03.892000,00:04:52
com.samsung.android.messaging,12/28/23,19:59:56.641000,01:40:38
com.duolingo,12/28/23,21:40:34.691000,00:02:37
com.samsung.android.messaging,12/28/23,21:43:12.357000,00:01:42
com.sec.android.app.launcher,12/28/23,21:44:54.789000,00:02:33
com.pinterest,12/28/23,21:47:28.444000,00:07:57
com.pinterest,12/28/23,21:55:26.236000,00:00:47
com.sec.android.app.launcher,12/28/23,21:56:13.288000,00:00:33
com.fingersoft.hillclimb,12/28/23,21:56:47.095000,00:10:25
com.sec.android.app.launcher,12/28/23,22:07:12.799000,00:00:02
com.sec.android.gallery3d,12/28/23,22:07:14.983000,00:07:24
com.pinterest,12/28/23,22:14:39.294000,00:11:54
com.google.android.youtube,12/28/23,22:26:33.699000,00:22:18
com.samsung.android.messaging,12/28/23,22:48:52.349000,00:01:24
com.sec.android.app.clockpackage,12/28/23,22:50:16.697000,11:05:45
com.sec.android.app.clockpackage,12/29/23,09:56:02.436000,00:00:34
com.samsung.android.messaging,12/29/23,09:56:36.481000,00:01:39
com.sec.android.app.launcher,12/29/23,09:58:16.213000,00:00:10
com.google.android.youtube,12/29/23,09:58:26.582000,01:16:55
com.samsung.android.messaging,12/29/23,11:15:21.917000,00:01:54
com.google.android.youtube,12/29/23,11:17:16.256000,00:29:19
com.samsung.android.messaging,12/29/23,11:46:35.669000,00:00:55
com.google.android.youtube,12/29/23,11:47:31.155000,00:13:55
com.sec.android.app.launcher,12/29/23,12:01:26.726000,00:00:09
com.pinterest,12/29/23,12:01:35.891000,00:03:48
com.sec.android.app.launcher,12/29/23,12:05:24.221000,00:29:42
com.whatsapp,12/29/23,12:35:07.202000,00:00:19
com.sec.android.app.launcher,12/29/23,12:35:26.291000,00:16:00
com.pinterest,12/29/23,12:51:26.991000,00:08:24
com.sec.android.app.launcher,12/29/23,12:59:51.360000,00:18:44
com.samsung.android.messaging,12/29/23,13:18:36.236000,00:19:07
com.sec.android.app.launcher,12/29/23,13:37:43.484000,00:22:26
com.samsung.android.messaging,12/29/23,14:00:09.824000,01:13:25
com.sec.android.app.launcher,12/29/23,15:13:35.233000,00:00:09
com.google.android.youtube,12/29/23,15:13:44.359000,00:44:57
com.samsung.android.messaging,12/29/23,15:58:42.133000,00:00:09
com.spotify.music,12/29/23,15:58:51.321000,00:15:11
com.google.android.youtube,12/29/23,16:14:02.674000,00:36:34
com.spotify.music,12/29/23,16:50:37.041000,00:02:47
com.google.android.youtube,12/29/23,16:53:24.896000,00:31:04
com.sec.android.app.launcher,12/29/23,17:24:29.627000,00:00:07
de.dm.meindm.android,12/29/23,17:24:36.990000,00:29:14
com.samsung.android.messaging,12/29/23,17:53:51.299000,00:05:15
com.google.android.youtube,12/29/23,17:59:07.293000,00:00:00
com.google.android.youtube,12/29/23,17:59:07.293000,00:05:46
com.spotify.music,12/29/23,18:04:54.060000,00:00:03
com.google.android.youtube,12/29/23,18:04:57.726000,00:15:58
com.spotify.music,12/29/23,18:20:56.433000,00:00:15
com.samsung.android.messaging,12/29/23,18:21:12.257000,00:01:02
com.samsung.android.incallui,12/29/23,18:22:14.872000,00:02:23
com.samsung.android.messaging,12/29/23,18:24:37.919000,00:58:25
com.sec.android.app.launcher,12/29/23,19:23:03.506000,00:00:12
com.google.android.youtube,12/29/23,19:23:16.289000,04:08:00
com.sec.android.app.launcher,12/29/23,23:31:16.832000,00:00:08
com.duolingo,12/29/23,23:31:24.979000,00:03:04
com.sec.android.app.launcher,12/29/23,23:34:29.059000,00:00:26
com.sec.android.app.clockpackage,12/29/23,23:34:55.954000,07:13:29
com.sec.android.app.clockpackage,12/30/23,06:48:25.352000,00:38:53
com.duolingo,12/30/23,07:27:18.395000,00:01:45
com.spotify.music,12/30/23,07:29:03.967000,00:15:24
com.sec.android.app.launcher,12/30/23,07:44:28.482000,00:00:14
com.google.android.youtube,12/30/23,07:44:43.229000,00:10:57
com.google.android.apps.maps,12/30/23,07:55:40.588000,00:00:00
com.google.android.apps.maps,12/30/23,07:55:40.588000,00:20:12
com.spotify.music,12/30/23,08:15:53.463000,00:00:52
com.google.android.apps.maps,12/30/23,08:16:46.151000,00:42:50
com.sec.android.app.sbrowser,12/30/23,08:59:36.561000,00:30:51
com.samsung.android.app.notes,12/30/23,09:30:27.614000,00:00:15
com.samsung.android.app.notes,12/30/23,09:30:43.255000,00:00:13
com.sec.android.app.myfiles,12/30/23,09:30:56.690000,00:00:16
com.sec.android.app.sbrowser,12/30/23,09:31:12.885000,00:03:05
com.sec.android.app.launcher,12/30/23,09:34:17.967000,00:00:06
com.samsung.android.app.notes,12/30/23,09:34:24.598000,00:00:00
com.samsung.android.app.notes,12/30/23,09:34:24.598000,01:56:09
com.whatsapp,12/30/23,11:30:34.360000,00:00:12
com.samsung.android.app.notes,12/30/23,11:30:46.456000,00:06:12
com.sec.android.app.launcher,12/30/23,11:36:58.794000,00:00:19
com.duolingo,12/30/23,11:37:18.348000,00:02:54
com.duolingo,12/30/23,11:40:12.902000,03:07:34
com.sec.android.app.launcher,12/30/23,14:47:47.076000,00:00:09
com.sec.android.app.camera,12/30/23,14:47:56.643000,00:00:43
com.sec.android.gallery3d,12/30/23,14:48:39.938000,00:00:09
com.sec.android.app.camera,12/30/23,14:48:49.832000,00:56:43
com.sec.android.app.launcher,12/30/23,15:45:33.168000,00:24:12
com.google.android.youtube,12/30/23,16:09:45.456000,00:24:02
com.sec.android.app.camera,12/30/23,16:33:47.506000,00:00:19
com.google.android.youtube,12/30/23,16:34:07.191000,00:06:57
com.samsung.android.messaging,12/30/23,16:41:04.277000,00:00:44
com.google.android.youtube,12/30/23,16:41:48.517000,00:29:56
com.sec.android.app.launcher,12/30/23,17:11:45.244000,00:00:15
com.google.android.apps.maps,12/30/23,17:12:00.387000,00:00:00
com.google.android.apps.maps,12/30/23,17:12:00.387000,00:01:39
com.google.android.youtube,12/30/23,17:13:39.825000,00:37:33
com.google.android.youtube,12/30/23,17:51:13.156000,00:51:10
com.google.android.apps.maps,12/30/23,18:42:23.814000,00:01:01
com.sec.android.app.launcher,12/30/23,18:43:25.509000,00:00:07
com.google.android.youtube,12/30/23,18:43:33.306000,00:19:55
com.samsung.android.incallui,12/30/23,19:03:28.793000,00:04:51
com.google.android.apps.maps,12/30/23,19:08:20.139000,00:00:34
com.sec.android.app.launcher,12/30/23,19:08:54.958000,00:00:01
com.google.android.youtube,12/30/23,19:08:56.053000,00:29:28
com.sec.android.gallery3d,12/30/23,19:38:24.767000,00:00:22
com.pinterest,12/30/23,19:38:47.148000,00:01:42
com.google.android.youtube,12/30/23,19:40:29.897000,03:17:21
com.google.android.youtube,12/30/23,22:57:51.541000,11:40:33
com.sec.android.app.launcher,12/31/23,10:38:25.125000,00:19:02
com.samsung.android.messaging,12/31/23,10:57:27.501000,00:01:06
com.pinterest,12/31/23,10:58:34.120000,00:00:00
com.pinterest,12/31/23,10:58:34.120000,00:52:31
com.google.android.youtube,12/31/23,11:51:05.669000,00:29:59
com.google.android.youtube,12/31/23,12:21:05.465000,01:20:00
com.google.android.youtube,12/31/23,13:41:06.076000,00:37:51
com.google.android.youtube,12/31/23,14:18:57.937000,01:05:28
com.samsung.android.messaging,12/31/23,15:24:26.715000,00:01:05
com.google.android.youtube,12/31/23,15:25:31.882000,00:36:08
com.google.android.youtube,12/31/23,16:01:40.472000,00:20:00
com.google.android.youtube,12/31/23,16:21:40.580000,01:10:54
com.samsung.android.messaging,12/31/23,17:32:35.150000,00:00:50
com.google.android.youtube,12/31/23,17:33:25.940000,00:16:55
com.samsung.android.messaging,12/31/23,17:50:21.084000,00:02:34
com.samsung.android.messaging,12/31/23,17:52:55.761000,01:15:23
com.discord,12/31/23,19:08:18.851000,00:01:12
com.samsung.android.messaging,12/31/23,19:09:31.555000,00:00:38
com.pinterest,12/31/23,19:10:10.526000,00:00:00
com.pinterest,12/31/23,19:10:10.526000,01:31:21
com.samsung.android.messaging,12/31/23,20:41:31.688000,00:12:10
com.google.android.apps.maps,12/31/23,20:53:42.496000,00:00:31
com.google.android.apps.maps,12/31/23,20:54:14.372000,00:16:27
com.sec.android.app.launcher,12/31/23,21:10:42.047000,00:00:12
com.samsung.android.incallui,12/31/23,21:10:54.349000,00:00:41
com.samsung.android.dialer,12/31/23,21:11:35.420000,00:01:25
com.pinterest,12/31/23,21:13:00.827000,00:55:11
com.samsung.android.dialer,12/31/23,22:08:12.355000,00:40:14
com.samsung.android.incallui,12/31/23,22:48:26.415000,00:49:06
com.samsung.android.dialer,12/31/23,23:37:32.564000,00:00:14
com.duolingo,12/31/23,23:37:47.169000,00:02:31
com.duolingo,12/31/23,23:40:18.705000,00:02:13
com.sec.android.app.launcher,12/31/23,23:42:32.307000,00:24:06
com.samsung.android.messaging,01/01/24,00:06:38.536000,00:21:52
com.samsung.android.incallui,01/01/24,00:28:31.272000,00:00:45
com.samsung.android.messaging,01/01/24,00:29:16.845000,00:16:09
com.samsung.android.messaging,01/01/24,00:45:26.366000,00:16:17
com.android.settings,01/01/24,01:01:43.404000,01:39:13
com.samsung.android.messaging,01/01/24,02:40:57.097000,00:00:07
com.whatsapp,01/01/24,02:41:05.039000,00:00:16
com.samsung.android.messaging,01/01/24,02:41:21.365000,01:26:41
com.pinterest,01/01/24,12:02:58.589000,00:00:51
com.sec.android.app.launcher,01/01/24,12:03:49.833000,00:02:43
com.samsung.android.incallui,01/01/24,12:06:33.016000,00:00:31
com.sec.android.app.launcher,01/01/24,12:07:04.713000,00:00:46
com.samsung.android.incallui,01/01/24,12:07:51.556000,00:26:46
com.sec.android.app.launcher,01/01/24,12:34:37.791000,00:04:30
com.sec.android.app.sbrowser,01/01/24,12:39:08.562000,00:05:38
com.samsung.android.messaging,01/01/24,12:44:46.586000,00:01:06
com.pinterest,01/01/24,12:45:53.054000,00:43:09
com.sec.android.app.launcher,01/01/24,13:29:02.672000,01:50:14
com.samsung.android.messaging,01/01/24,15:19:17.378000,00:01:35
com.samsung.android.incallui,01/01/24,15:20:53.327000,01:09:34
com.samsung.android.messaging,01/01/24,16:30:27.414000,00:00:14
com.sec.android.app.sbrowser,01/01/24,16:30:41.992000,00:00:09
com.whatsapp,01/01/24,16:30:51.439000,01:13:40
com.samsung.android.messaging,01/01/24,17:44:32.046000,01:10:43
com.google.android.apps.maps,01/01/24,18:55:15.937000,00:00:39
com.samsung.android.messaging,01/01/24,18:55:55.686000,00:46:18
com.samsung.android.incallui,01/01/24,19:42:13.982000,00:42:07
com.pinterest,01/01/24,20:24:21.321000,00:20:38
com.pinterest,01/01/24,20:44:59.799000,00:00:12
com.google.android.youtube,01/01/24,20:45:12.220000,00:16:52
com.sec.android.app.clockpackage,01/01/24,21:02:05.193000,00:02:48
com.google.android.youtube,01/01/24,21:04:53.363000,00:28:19
com.google.android.youtube,01/01/24,21:33:12.549000,00:05:13
com.sec.android.app.camera,01/01/24,21:38:25.671000,00:01:34
com.sec.android.gallery3d,01/01/24,21:39:59.901000,00:00:21
com.sec.android.app.launcher,01/01/24,21:40:21.429000,00:00:03
com.google.android.youtube,01/01/24,21:40:24.781000,01:43:36
com.whatsapp,01/01/24,23:24:00.826000,00:00:21
com.duolingo,01/01/24,23:24:22.290000,00:03:02
com.sec.android.app.camera,01/01/24,23:27:24.305000,00:00:34
com.sec.android.gallery3d,01/01/24,23:27:59.263000,00:00:14
com.sec.android.mimage.photoretouching,01/01/24,23:28:14.207000,00:00:05
com.sec.android.gallery3d,01/01/24,23:28:19.967000,00:00:52
com.sec.android.mimage.photoretouching,01/01/24,23:29:12.496000,00:00:05
com.sec.android.gallery3d,01/01/24,23:29:18.077000,00:00:42
com.samsung.android.messaging,01/01/24,23:30:00.199000,00:00:56
com.sec.android.gallery3d,01/01/24,23:30:56.222000,00:00:58
com.samsung.android.messaging,01/01/24,23:31:55.039000,00:01:18
com.sec.android.app.clockpackage,01/01/24,23:33:13.924000,00:00:14
com.sec.android.app.launcher,01/01/24,23:33:28.397000,08:22:32
com.sec.android.app.clockpackage,01/02/24,07:56:01.332000,00:00:19
com.sec.android.app.launcher,01/02/24,07:56:20.836000,00:00:10
com.samsung.android.messaging,01/02/24,07:56:31.486000,00:03:18
com.sec.android.app.clockpackage,01/02/24,07:59:49.936000,00:11:23
com.sec.android.app.launcher,01/02/24,08:11:13.430000,00:13:47
com.android.settings,01/02/24,08:25:01.149000,00:00:11
com.spotify.music,01/02/24,08:25:12.259000,00:43:27
com.sec.android.app.launcher,01/02/24,09:08:40.218000,00:01:35
com.google.android.gm,01/02/24,09:10:15.359000,00:16:33
com.google.android.youtube,01/02/24,09:26:48.869000,00:42:38
com.sec.android.app.launcher,01/02/24,10:09:27.810000,00:00:17
com.android.vending,01/02/24,10:09:45.660000,00:00:39
notion.id,01/02/24,10:10:24.706000,00:01:40
com.google.android.youtube,01/02/24,10:12:05.168000,00:00:36
notion.id,01/02/24,10:12:41.581000,00:00:20
com.sec.android.app.launcher,01/02/24,10:13:02.454000,00:36:46
com.spotify.music,01/02/24,10:49:48.980000,00:03:09
com.spotify.music,01/02/24,10:52:58.521000,01:08:08
com.google.android.youtube,01/02/24,12:01:07.355000,00:25:17
com.samsung.android.incallui,01/02/24,12:26:24.747000,00:00:45
com.google.android.youtube,01/02/24,12:27:09.834000,00:02:00
com.spotify.music,01/02/24,12:29:10.045000,00:32:49
com.spotify.music,01/02/24,13:01:59.359000,00:03:41
com.sec.android.app.launcher,01/02/24,13:05:40.430000,00:00:03
com.google.android.youtube,01/02/24,13:05:43.784000,02:51:48
com.sec.android.app.clockpackage,01/02/24,15:57:32.188000,00:00:13
com.google.android.youtube,01/02/24,15:57:45.949000,00:00:00
com.google.android.youtube,01/02/24,15:57:45.949000,00:28:30
com.samsung.android.messaging,01/02/24,16:26:16.923000,00:02:54
com.sec.android.app.launcher,01/02/24,16:29:11.883000,00:09:47
com.sec.android.gallery3d,01/02/24,16:38:59.549000,02:04:00
com.android.settings,01/02/24,18:43:00.520000,00:00:45
com.pinterest,01/02/24,18:43:45.609000,00:02:28
com.google.android.youtube,01/02/24,18:46:14.023000,01:03:15
com.spotify.music,01/02/24,19:49:29.667000,00:01:07
com.spotify.music,01/02/24,19:50:37.516000,00:40:17
com.samsung.android.incallui,01/02/24,20:30:55.513000,00:00:00
com.samsung.android.incallui,01/02/24,20:30:55.513000,00:23:09
com.spotify.music,01/02/24,20:54:04.698000,00:09:26
com.samsung.android.messaging,01/02/24,21:03:31.561000,00:01:49
com.sec.android.app.launcher,01/02/24,21:05:20.588000,00:01:20
notion.id,01/02/24,21:06:40.707000,00:02:24
com.sec.android.app.launcher,01/02/24,21:09:05.600000,00:00:52
com.android.systemui,01/02/24,21:09:57.823000,00:01:01
com.sec.android.app.launcher,01/02/24,21:10:59.681000,00:00:26
com.android.systemui,01/02/24,21:11:26.077000,00:00:10
com.sec.android.app.launcher,01/02/24,21:11:36.529000,00:10:31
com.google.android.youtube,01/02/24,21:22:08.262000,00:05:28
com.spotify.music,01/02/24,21:27:37.056000,00:01:21
com.sec.android.app.launcher,01/02/24,21:28:58.526000,00:00:02
com.google.android.youtube,01/02/24,21:29:00.534000,00:04:26
com.spotify.music,01/02/24,21:33:26.834000,00:29:38
com.duolingo,01/02/24,22:03:05.051000,00:28:52
com.sec.android.app.launcher,01/02/24,22:31:57.285000,00:00:36
com.google.android.youtube,01/02/24,22:32:33.383000,00:49:38
com.samsung.android.app.notes,01/02/24,23:22:12.091000,00:14:47
com.spotify.music,01/02/24,23:37:00.012000,00:28:23
com.sec.android.app.launcher,01/03/24,00:05:23.637000,00:00:07
com.google.android.youtube,01/03/24,00:05:31.608000,00:00:27
com.spotify.music,01/03/24,00:05:58.958000,00:02:20
com.samsung.android.messaging,01/03/24,00:08:19.501000,00:01:46
com.spotify.music,01/03/24,00:10:06.317000,00:13:06
com.sec.android.app.launcher,01/03/24,00:23:12.867000,00:00:04
com.discord,01/03/24,00:23:17.327000,00:01:12
com.samsung.android.app.dressroom,01/03/24,00:24:30.031000,00:01:04
com.sec.android.gallery3d,01/03/24,00:25:34.690000,00:00:18
com.samsung.android.app.dressroom,01/03/24,00:25:53.152000,00:00:22
com.sec.android.gallery3d,01/03/24,00:26:15.873000,00:00:45
com.samsung.android.app.dressroom,01/03/24,00:27:01.608000,00:00:23
com.sec.android.gallery3d,01/03/24,00:27:25.140000,00:08:14
com.samsung.android.messaging,01/03/24,00:35:39.701000,00:00:43
com.sec.android.app.launcher,01/03/24,00:36:23.506000,00:00:22
com.sec.android.app.clockpackage,01/03/24,00:36:46.083000,04:57:16
com.sec.android.app.clockpackage,01/03/24,05:34:02.466000,00:00:19
com.discord,01/03/24,05:34:22.042000,00:00:15
com.sec.android.app.clockpackage,01/03/24,05:34:37.775000,01:53:32
com.pinterest,01/03/24,07:28:10.541000,00:05:12
com.sec.android.app.launcher,01/03/24,07:33:23.481000,00:04:20
com.android.vending,01/03/24,07:37:44.366000,00:00:59
com.inditex.ecommerce.bershka,01/03/24,07:38:44.142000,00:04:08
com.sec.android.app.launcher,01/03/24,07:42:52.580000,00:00:46
com.android.settings,01/03/24,07:43:38.593000,00:00:12
com.spotify.music,01/03/24,07:43:50.703000,00:03:12
com.sec.android.app.sbrowser,01/03/24,07:47:02.801000,00:01:24
com.sec.android.app.myfiles,01/03/24,07:48:26.948000,00:00:12
com.samsung.android.app.notes,01/03/24,07:48:39.735000,00:04:20
com.spotify.music,01/03/24,07:52:59.869000,00:01:14
com.sec.android.app.launcher,01/03/24,07:54:14.285000,00:00:24
notion.id,01/03/24,07:54:38.485000,00:00:07
notion.id,01/03/24,07:54:46.313000,00:02:18
com.sec.android.app.launcher,01/03/24,07:57:04.774000,00:00:02
com.spotify.music,01/03/24,07:57:07.131000,00:01:29
com.sec.android.app.launcher,01/03/24,07:58:37.044000,00:00:54
com.pinterest,01/03/24,07:59:31.602000,00:06:38
notion.id,01/03/24,08:06:09.981000,00:02:41
com.pinterest,01/03/24,08:08:51.354000,00:02:31
notion.id,01/03/24,08:11:23.231000,00:29:28
com.sec.android.app.launcher,01/03/24,08:40:51.447000,00:00:03
com.spotify.music,01/03/24,08:40:55.286000,00:00:37
com.samsung.android.messaging,01/03/24,08:41:33.118000,00:08:05
com.sec.android.app.launcher,01/03/24,08:49:38.724000,00:04:24
com.samsung.android.messaging,01/03/24,08:54:03.565000,00:07:37
com.jcdecaux.vls.ljubljana,01/03/24,09:01:40.620000,00:42:33
com.sec.android.app.launcher,01/03/24,09:44:13.819000,00:00:12
com.spotify.music,01/03/24,09:44:25.873000,00:13:31
com.samsung.android.app.notes,01/03/24,09:57:57.722000,00:30:18
com.spotify.music,01/03/24,10:28:16.547000,00:03:18
com.samsung.android.app.notes,01/03/24,10:31:34.584000,00:05:13
com.samsung.android.messaging,01/03/24,10:36:48.316000,00:02:01
com.samsung.android.app.notes,01/03/24,10:38:50.258000,00:21:19
com.spotify.music,01/03/24,11:00:09.527000,00:00:20
com.google.android.youtube,01/03/24,11:00:29.991000,00:05:24
com.samsung.android.app.notes,01/03/24,11:05:54.331000,00:00:20
com.samsung.android.messaging,01/03/24,11:06:14.530000,00:00:26
com.spotify.music,01/03/24,11:06:41.281000,00:14:14
com.sec.android.app.launcher,01/03/24,11:20:55.352000,00:06:08
com.jcdecaux.vls.ljubljana,01/03/24,11:27:03.735000,00:45:40
com.microsoft.office.outlook,01/03/24,12:12:44.431000,00:00:15
com.jcdecaux.vls.ljubljana,01/03/24,12:13:00.270000,00:00:35
com.spotify.music,01/03/24,12:13:35.319000,00:00:49
com.google.android.youtube,01/03/24,12:14:24.597000,00:20:50
com.jcdecaux.vls.ljubljana,01/03/24,12:35:15.216000,00:00:42
com.google.android.youtube,01/03/24,12:35:57.391000,00:00:12
com.spotify.music,01/03/24,12:36:10.140000,00:03:21
com.jcdecaux.vls.ljubljana,01/03/24,12:39:31.262000,00:11:32
com.samsung.android.messaging,01/03/24,12:51:04.051000,00:05:17
com.whatsapp,01/03/24,12:56:21.695000,00:00:25
com.samsung.android.messaging,01/03/24,12:56:46.805000,00:23:50
com.sec.android.app.launcher,01/03/24,13:20:37.627000,00:54:56
com.discord,01/03/24,14:15:34.103000,00:00:13
com.whatsapp,01/03/24,14:15:47.155000,00:08:23
com.samsung.android.incallui,01/03/24,14:24:10.921000,00:09:12
com.sec.android.app.launcher,01/03/24,14:33:23.677000,00:00:08
com.spotify.music,01/03/24,14:33:31.846000,00:00:29
com.android.settings,01/03/24,14:34:01.125000,00:00:37
com.spotify.music,01/03/24,14:34:38.349000,00:25:46
com.sec.android.app.launcher,01/03/24,15:00:24.393000,01:15:37
com.samsung.android.incallui,01/03/24,16:16:01.668000,00:02:01
com.sec.android.app.launcher,01/03/24,16:18:02.926000,00:33:16
com.microsoft.office.outlook,01/03/24,16:51:19.826000,00:00:06
com.sec.android.app.launcher,01/03/24,16:51:26.717000,00:31:35
com.whatsapp,01/03/24,17:23:02.285000,00:00:07
com.sec.android.app.launcher,01/03/24,17:23:09.934000,00:19:47
com.whatsapp,01/03/24,17:42:57.740000,00:00:08
com.sec.android.app.launcher,01/03/24,17:43:06.431000,00:38:04
com.samsung.android.messaging,01/03/24,18:21:10.797000,00:22:36
com.spotify.music,01/03/24,18:43:47.438000,00:02:11
com.samsung.android.messaging,01/03/24,18:45:58.803000,00:15:49
com.sec.android.app.launcher,01/03/24,19:01:48.526000,00:09:14
com.whatsapp,01/03/24,19:11:02.548000,00:00:09
com.google.android.youtube,01/03/24,19:11:12.374000,01:34:14
com.samsung.android.incallui,01/03/24,20:45:26.750000,00:25:10
com.google.android.youtube,01/03/24,21:10:37.399000,00:00:09
com.sec.android.app.sbrowser,01/03/24,21:10:46.692000,00:09:30
com.sec.android.app.sbrowser,01/03/24,21:20:16.843000,01:54:12
com.google.android.gms,01/03/24,23:14:29.841000,00:00:10
com.sec.android.app.sbrowser,01/03/24,23:14:39.852000,00:00:00
com.sec.android.app.sbrowser,01/03/24,23:14:39.852000,01:40:55
com.sec.android.app.sbrowser,01/04/24,00:55:34.908000,00:00:21
com.sec.android.app.clockpackage,01/04/24,00:55:56.314000,00:00:45
com.sec.android.app.clockpackage,01/04/24,00:56:41.496000,06:23:19
com.sec.android.app.launcher,01/04/24,07:20:01.131000,00:00:05
com.samsung.android.app.notes,01/04/24,07:20:06.490000,00:37:37
com.spotify.music,01/04/24,07:57:44.305000,00:00:09
com.discord,01/04/24,07:57:54.195000,00:00:56
com.spotify.music,01/04/24,07:58:50.407000,00:01:28
com.samsung.android.app.notes,01/04/24,08:00:19.352000,00:05:43
com.duolingo,01/04/24,08:06:02.412000,00:01:14
com.sec.android.app.launcher,01/04/24,08:07:16.420000,00:18:43
com.samsung.android.app.notes,01/04/24,08:25:59.502000,00:12:22
com.google.android.apps.maps,01/04/24,08:38:22.454000,00:01:31
com.sec.android.app.launcher,01/04/24,08:39:53.763000,00:25:24
com.samsung.android.app.notes,01/04/24,09:05:17.820000,00:01:52
com.samsung.android.dialer,01/04/24,09:07:10.563000,00:00:06
com.samsung.android.incallui,01/04/24,09:07:17.255000,00:02:33
com.samsung.android.dialer,01/04/24,09:09:50.672000,00:00:10
com.sec.android.app.launcher,01/04/24,09:10:00.773000,00:00:22
com.spotify.music,01/04/24,09:10:23.205000,00:02:36
com.jcdecaux.vls.ljubljana,01/04/24,09:12:59.977000,00:06:14
com.samsung.android.dialer,01/04/24,09:19:14.327000,00:00:02
com.samsung.android.incallui,01/04/24,09:19:16.840000,00:00:29
com.samsung.android.dialer,01/04/24,09:19:45.982000,00:02:46
com.spotify.music,01/04/24,09:22:32.245000,00:03:27
com.sec.android.app.launcher,01/04/24,09:25:59.537000,00:00:15
com.margento.studentskaprehrana,01/04/24,09:26:14.923000,00:01:55
com.spotify.music,01/04/24,09:28:10.361000,00:35:43
com.google.android.youtube,01/04/24,10:03:53.747000,00:00:00
com.google.android.youtube,01/04/24,10:03:53.747000,01:02:16
com.google.android.youtube,01/04/24,11:06:10.290000,00:14:06
com.microsoft.office.outlook,01/04/24,11:20:17.238000,00:05:53
com.google.android.youtube,01/04/24,11:26:10.399000,00:09:38
com.sec.android.app.launcher,01/04/24,11:35:49.388000,00:00:05
com.sec.android.app.clockpackage,01/04/24,11:35:54.861000,00:00:30
com.google.android.youtube,01/04/24,11:36:25.743000,00:09:44
com.google.android.youtube,01/04/24,11:46:10.505000,00:12:39
com.sec.android.app.clockpackage,01/04/24,11:58:49.798000,00:05:04
com.samsung.android.incallui,01/04/24,12:03:54.325000,00:03:12
com.sec.android.app.launcher,01/04/24,12:07:07.219000,00:02:41
com.samsung.android.messaging,01/04/24,12:09:48.915000,00:02:30
com.sec.android.app.launcher,01/04/24,12:12:19.493000,00:10:23
com.discord,01/04/24,12:22:43.263000,00:00:04
com.sec.android.app.launcher,01/04/24,12:22:47.875000,00:02:41
com.samsung.android.messaging,01/04/24,12:25:29.818000,00:13:04
com.sec.android.app.launcher,01/04/24,12:38:34.347000,00:00:49
com.samsung.android.messaging,01/04/24,12:39:23.817000,00:01:09
com.sec.android.app.launcher,01/04/24,12:40:33.177000,00:03:20
com.discord,01/04/24,12:43:53.550000,00:00:47
com.samsung.android.dialer,01/04/24,12:44:40.952000,00:00:10
com.samsung.android.incallui,01/04/24,12:44:51.053000,00:04:03
com.sec.android.app.launcher,01/04/24,12:48:54.568000,00:00:30
com.samsung.android.messaging,01/04/24,12:49:25.375000,00:03:02
com.sec.android.app.launcher,01/04/24,12:52:28,00:44:44
com.samsung.android.app.notes,01/04/24,13:37:12.315000,00:01:48
com.pinterest,01/04/24,13:39:01.081000,00:04:46
com.sec.android.app.launcher,01/04/24,13:43:47.722000,00:18:57
com.samsung.android.app.notes,01/04/24,14:02:45.688000,00:07:23
com.sec.android.app.launcher,01/04/24,14:10:09.169000,00:11:36
com.samsung.android.messaging,01/04/24,14:21:45.814000,00:00:03
com.android.settings,01/04/24,14:21:49.028000,00:00:26
com.samsung.android.messaging,01/04/24,14:22:15.696000,00:00:44
com.android.settings,01/04/24,14:23:00.459000,00:00:57
com.samsung.android.messaging,01/04/24,14:23:57.590000,00:00:17
com.sec.android.app.launcher,01/04/24,14:24:14.927000,00:00:07
com.spotify.music,01/04/24,14:24:22.467000,00:19:42
com.microsoft.office.outlook,01/04/24,14:44:04.632000,00:00:27
com.spotify.music,01/04/24,14:44:32.522000,00:12:30
com.sec.android.app.launcher,01/04/24,14:57:03.396000,00:00:16
co.infinum.nlb,01/04/24,14:57:20.137000,00:00:35
com.sec.android.app.launcher,01/04/24,14:57:56.100000,00:06:55
com.samsung.android.messaging,01/04/24,15:04:51.229000,00:00:11
com.sec.android.app.launcher,01/04/24,15:05:02.975000,00:21:36
com.google.android.gm,01/04/24,15:26:39.940000,00:00:33
com.sec.android.app.launcher,01/04/24,15:27:13.568000,02:12:31
com.whatsapp,01/04/24,17:39:44.742000,00:00:05
com.sec.android.app.launcher,01/04/24,17:39:50.184000,00:02:07
com.whatsapp,01/04/24,17:41:57.595000,00:00:05
com.google.android.apps.photos,01/04/24,17:42:02.906000,00:00:15
com.sec.android.app.launcher,01/04/24,17:42:18.253000,00:04:49
com.samsung.android.messaging,01/04/24,17:47:07.695000,01:58:07
com.samsung.android.incallui,01/04/24,19:45:15.673000,00:01:28
com.samsung.android.messaging,01/04/24,19:46:44.643000,00:13:41
com.samsung.android.incallui,01/04/24,20:00:26,00:03:05
com.samsung.android.messaging,01/04/24,20:03:31.161000,00:06:08
com.spotify.music,01/04/24,20:09:39.941000,00:00:11
com.android.settings,01/04/24,20:09:51.547000,00:00:15
com.spotify.music,01/04/24,20:10:07.207000,00:03:47
com.samsung.android.messaging,01/04/24,20:13:54.319000,00:08:21
com.spotify.music,01/04/24,20:22:16.312000,00:03:54
com.whatsapp,01/04/24,20:26:10.802000,00:00:21
com.sec.android.app.launcher,01/04/24,20:26:32.099000,00:00:05
com.pinterest,01/04/24,20:26:37.842000,00:15:42
com.sec.android.app.launcher,01/04/24,20:42:20.364000,03:09:36
com.samsung.android.app.notes,01/04/24,23:51:56.480000,00:00:00
com.samsung.android.app.notes,01/04/24,23:51:56.480000,00:00:22
com.sec.android.app.launcher,01/04/24,23:52:19.121000,00:00:05
com.sec.android.app.clockpackage,01/04/24,23:52:24.729000,08:14:37
com.sec.android.app.clockpackage,01/05/24,08:07:02.449000,00:52:05
com.android.settings,01/05/24,08:59:08.383000,00:00:07
com.spotify.music,01/05/24,08:59:16.273000,00:03:04
com.sec.android.app.launcher,01/05/24,09:02:21.089000,00:11:40
com.samsung.android.app.notes,01/05/24,09:14:02.087000,00:10:09
com.sec.android.app.launcher,01/05/24,09:24:11.271000,00:05:11
com.samsung.android.messaging,01/05/24,09:29:22.962000,00:02:23
com.samsung.android.incallui,01/05/24,09:31:46.700000,00:00:24
com.samsung.android.messaging,01/05/24,09:32:11.481000,00:01:30
com.sec.android.app.launcher,01/05/24,09:33:41.758000,00:00:14
com.samsung.android.incallui,01/05/24,09:33:56.072000,00:00:22
com.samsung.android.dialer,01/05/24,09:34:18.438000,00:02:06
com.spotify.music,01/05/24,09:36:24.840000,00:06:40
com.samsung.android.incallui,01/05/24,09:43:05.490000,00:06:11
com.spotify.music,01/05/24,09:49:16.554000,00:04:47
com.samsung.android.dialer,01/05/24,09:54:04.055000,00:00:12
com.jcdecaux.vls.ljubljana,01/05/24,09:54:16.986000,00:03:22
com.sec.android.app.launcher,01/05/24,09:57:39.686000,00:00:29
com.sec.android.app.sbrowser,01/05/24,09:58:08.707000,00:00:48
com.google.android.apps.maps,01/05/24,09:58:57.568000,00:00:28
com.samsung.android.dialer,01/05/24,09:59:26.344000,00:00:05
com.samsung.android.incallui,01/05/24,09:59:32.091000,00:04:58
com.sec.android.app.launcher,01/05/24,10:04:30.391000,00:01:36
com.margento.studentskaprehrana,01/05/24,10:06:06.448000,00:01:17
com.sec.android.app.launcher,01/05/24,10:07:24.101000,00:02:41
com.samsung.android.messaging,01/05/24,10:10:05.506000,00:06:23
com.spotify.music,01/05/24,10:16:29.271000,00:00:08
com.samsung.android.messaging,01/05/24,10:16:37.369000,00:06:06
com.fitbit.FitbitMobile,01/05/24,10:22:43.628000,00:02:06
com.sec.android.app.launcher,01/05/24,10:24:49.708000,00:01:41
com.spotify.music,01/05/24,10:26:31.454000,00:00:30
com.sec.android.app.sbrowser,01/05/24,10:27:01.584000,00:25:35
com.google.android.youtube,01/05/24,10:52:36.882000,00:43:25
com.google.android.youtube,01/05/24,11:36:02.689000,00:54:32
com.sec.android.app.camera,01/05/24,12:30:35.492000,00:00:51
com.google.android.youtube,01/05/24,12:31:27.032000,00:05:38
com.sec.android.app.camera,01/05/24,12:37:05.412000,00:00:40
com.google.android.youtube,01/05/24,12:37:46.179000,01:01:42
com.samsung.android.incallui,01/05/24,13:39:28.654000,00:00:41
com.google.android.youtube,01/05/24,13:40:09.730000,00:32:37
com.samsung.android.messaging,01/05/24,14:12:47.158000,00:00:07
com.sec.android.app.launcher,01/05/24,14:12:54.396000,00:00:09
com.google.android.youtube,01/05/24,14:13:03.697000,01:11:40
com.samsung.android.incallui,01/05/24,15:24:44.571000,00:02:46
com.google.android.youtube,01/05/24,15:27:31.393000,00:56:23
com.sec.android.app.camera,01/05/24,16:23:54.830000,00:00:07
com.sec.android.gallery3d,01/05/24,16:24:01.908000,00:01:18
com.whatsapp,01/05/24,16:25:20.547000,00:00:10
com.google.android.youtube,01/05/24,16:25:31.049000,00:35:24
com.sec.android.app.sbrowser,01/05/24,17:00:55.050000,00:03:44
com.whatsapp,01/05/24,17:04:39.550000,00:00:40
com.samsung.android.messaging,01/05/24,17:05:20.312000,00:09:13
com.wssyncmldm,01/05/24,17:14:33.812000,00:00:21
com.whatsapp,01/05/24,17:14:55.028000,00:01:42
com.sec.android.app.sbrowser,01/05/24,17:16:37.265000,00:00:28
com.google.android.apps.docs.editors.docs,01/05/24,17:17:05.275000,00:00:18
com.whatsapp,01/05/24,17:17:23.978000,00:00:15
com.discord,01/05/24,17:17:39.709000,00:00:14
com.sec.android.app.launcher,01/05/24,17:17:54.180000,00:39:09
com.whatsapp,01/05/24,17:57:04.057000,00:00:05
com.sec.android.app.launcher,01/05/24,17:57:09.927000,00:09:56
com.sec.android.app.camera,01/05/24,18:07:06.395000,00:00:17
com.sec.android.gallery3d,01/05/24,18:07:23.899000,00:56:38
com.samsung.android.messaging,01/05/24,19:04:02.708000,00:03:00
com.sec.android.app.launcher,01/05/24,19:07:02.718000,01:27:46
com.google.android.youtube,01/05/24,20:34:49.526000,01:10:23
com.sec.android.app.sbrowser,01/05/24,21:45:12.904000,00:00:39
com.sec.android.app.launcher,01/05/24,21:45:51.926000,00:00:05
com.google.android.youtube,01/05/24,21:45:57.403000,00:04:46
com.google.android.youtube,01/05/24,21:50:43.644000,01:00:00
com.google.android.youtube,01/05/24,22:50:44.055000,00:49:20
com.discord,01/05/24,23:40:04.247000,00:00:05
com.duolingo,01/05/24,23:40:09.965000,00:01:04
com.google.android.youtube,01/05/24,23:41:14.597000,00:49:30
com.google.android.youtube,01/06/24,00:30:44.748000,00:15:29
com.samsung.android.messaging,01/06/24,00:46:14.390000,00:00:10
com.discord,01/06/24,00:46:24.634000,00:00:40
com.samsung.android.messaging,01/06/24,00:47:04.711000,00:01:07
com.sec.android.app.sbrowser,01/06/24,00:48:12.261000,00:00:29
com.sec.android.app.clockpackage,01/06/24,00:48:41.860000,05:50:45
com.samsung.android.messaging,01/06/24,06:39:26.930000,00:00:03
com.sec.android.app.clockpackage,01/06/24,06:39:30.283000,01:18:27
com.samsung.android.messaging,01/06/24,07:57:57.585000,00:00:29
com.microsoft.office.outlook,01/06/24,07:58:26.965000,00:00:33
com.sec.android.app.launcher,01/06/24,07:59:00.274000,00:17:32
com.spotify.music,01/06/24,08:16:32.458000,00:34:02
com.sec.android.app.sbrowser,01/06/24,08:50:35.267000,00:19:48
com.sec.android.app.launcher,01/06/24,09:10:23.987000,00:07:26
com.google.android.apps.docs,01/06/24,09:17:50.942000,03:36:56
com.samsung.android.messaging,01/06/24,12:54:47.415000,01:11:05
com.google.android.apps.docs,01/06/24,14:05:52.529000,00:00:05
com.sec.android.app.launcher,01/06/24,14:05:57.601000,00:00:36
com.samsung.android.incallui,01/06/24,14:06:33.806000,00:01:24
com.spotify.music,01/06/24,14:07:57.836000,00:16:35
com.samsung.android.messaging,01/06/24,14:24:33.255000,00:25:20
com.spotify.music,01/06/24,14:49:54.238000,00:19:29
com.samsung.android.app.notes,01/06/24,15:09:23.642000,00:02:43
com.spotify.music,01/06/24,15:12:07.040000,00:04:34
com.samsung.android.app.notes,01/06/24,15:16:41.838000,00:09:58
com.samsung.android.messaging,01/06/24,15:26:40.420000,00:02:54
com.samsung.android.app.notes,01/06/24,15:29:34.930000,00:16:11
com.samsung.android.messaging,01/06/24,15:45:46.379000,00:00:11
com.samsung.android.app.notes,01/06/24,15:45:57.805000,00:23:29
com.sec.android.app.launcher,01/06/24,16:09:27.458000,00:00:07
com.spotify.music,01/06/24,16:09:34.708000,00:22:27
com.whatsapp,01/06/24,16:32:02.045000,00:00:04
com.spotify.music,01/06/24,16:32:06.211000,00:04:48
com.sec.android.app.launcher,01/06/24,16:36:54.505000,00:00:33
com.samsung.android.incallui,01/06/24,16:37:28.294000,00:00:19
com.samsung.android.dialer,01/06/24,16:37:47.555000,00:00:14
com.samsung.android.incallui,01/06/24,16:38:02.203000,00:02:27
com.samsung.android.dialer,01/06/24,16:40:30.137000,00:04:57
com.sec.android.app.launcher,01/06/24,16:45:27.715000,00:00:09
de.dm.meindm.android,01/06/24,16:45:37.329000,00:03:08
com.google.android.apps.maps,01/06/24,16:48:45.645000,00:00:49
com.spotify.music,01/06/24,16:49:35.325000,00:00:10
com.samsung.android.messaging,01/06/24,16:49:45.731000,00:00:20
com.spotify.music,01/06/24,16:50:06.117000,00:09:34
com.sec.android.app.launcher,01/06/24,16:59:40.439000,00:00:10
com.google.android.youtube,01/06/24,16:59:51.216000,00:00:55
com.google.android.apps.maps,01/06/24,17:00:46.540000,00:00:00
com.google.android.apps.maps,01/06/24,17:00:46.540000,00:01:05
com.google.android.youtube,01/06/24,17:01:51.768000,00:12:39
com.samsung.android.messaging,01/06/24,17:14:31.321000,00:00:15
com.sec.android.app.launcher,01/06/24,17:14:46.451000,00:00:15
com.google.android.youtube,01/06/24,17:15:01.694000,00:00:24
com.sec.android.app.launcher,01/06/24,17:15:25.771000,00:00:23
com.duolingo,01/06/24,17:15:48.895000,00:04:01
com.spotify.music,01/06/24,17:19:50.787000,00:00:35
com.sec.android.app.launcher,01/06/24,17:20:26.466000,00:00:54
com.spotify.music,01/06/24,17:21:20.995000,00:08:54
com.duolingo,01/06/24,17:30:15.626000,00:02:07
com.spotify.music,01/06/24,17:32:23.006000,00:05:15
com.sec.android.app.launcher,01/06/24,17:37:38.297000,00:00:06
com.google.android.apps.maps,01/06/24,17:37:45.077000,06:36:58
com.sec.android.app.launcher,01/07/24,00:14:43.717000,00:00:17
com.whatsapp,01/07/24,00:15:00.917000,00:00:19
com.sec.android.app.clockpackage,01/07/24,00:15:20.153000,08:45:41
com.sec.android.app.clockpackage,01/07/24,09:01:01.557000,02:08:45
com.duolingo,01/07/24,11:09:46.757000,00:00:09
com.duolingo,01/07/24,11:09:56.131000,00:55:28
com.sec.android.app.launcher,01/07/24,12:05:24.980000,00:00:10
com.whatsapp,01/07/24,12:05:35.670000,00:01:00
com.google.android.gm,01/07/24,12:06:35.690000,02:34:54
com.duolingo,01/07/24,14:41:30.340000,00:02:41
com.duolingo,01/07/24,14:44:12.298000,00:00:15
com.sec.android.app.launcher,01/07/24,14:44:27.929000,03:37:39
com.samsung.android.incallui,01/07/24,18:22:07.393000,00:00:23
com.sec.android.app.launcher,01/07/24,18:22:30.530000,00:07:51
com.spotify.music,01/07/24,18:30:22.152000,00:10:30
com.google.android.youtube,01/07/24,18:40:52.191000,00:16:19
com.sec.android.gallery3d,01/07/24,18:57:11.547000,00:00:00
com.sec.android.gallery3d,01/07/24,18:57:11.547000,00:02:05
com.sec.android.mimage.photoretouching,01/07/24,18:59:16.561000,00:00:11
com.sec.android.gallery3d,01/07/24,18:59:27.748000,00:00:54
com.sec.android.mimage.photoretouching,01/07/24,19:00:21.906000,00:00:05
com.sec.android.gallery3d,01/07/24,19:00:27.149000,00:00:20
com.sec.android.mimage.photoretouching,01/07/24,19:00:47.470000,00:00:19
com.sec.android.app.launcher,01/07/24,19:01:06.877000,00:00:01
com.samsung.android.messaging,01/07/24,19:01:08.426000,00:00:23
com.sec.android.gallery3d,01/07/24,19:01:32.287000,00:00:15
com.samsung.android.messaging,01/07/24,19:01:48.081000,00:04:23
com.sec.android.app.launcher,01/07/24,19:06:11.635000,00:00:03
com.google.android.youtube,01/07/24,19:06:14.641000,00:33:34
com.samsung.android.messaging,01/07/24,19:39:48.727000,00:01:24
com.google.android.youtube,01/07/24,19:41:13.037000,00:12:04
com.whatsapp,01/07/24,19:53:17.569000,00:16:03
com.google.android.youtube,01/07/24,20:09:21.386000,01:39:20
com.whatsapp,01/07/24,21:48:42.077000,00:01:25
com.sec.android.app.launcher,01/07/24,21:50:07.976000,00:06:50
com.google.android.youtube,01/07/24,21:56:58.376000,02:31:58
com.sec.android.app.launcher,01/08/24,00:28:56.990000,00:00:23
com.pinterest,01/08/24,00:29:20.718000,00:00:39
com.samsung.android.app.notes,01/08/24,00:30:00.089000,00:00:59
com.sec.android.app.popupcalculator,01/08/24,00:30:59.406000,00:00:12
com.samsung.android.app.notes,01/08/24,00:31:12.323000,00:11:48
com.samsung.android.messaging,01/08/24,00:43:00.911000,00:00:55
com.sec.android.app.launcher,01/08/24,00:43:56.594000,00:00:20
com.sec.android.app.clockpackage,01/08/24,00:44:17.091000,05:07:45
com.sec.android.app.clockpackage,01/08/24,05:52:02.788000,00:00:10
com.sec.android.app.launcher,01/08/24,05:52:12.858000,00:01:12
com.sec.android.app.clockpackage,01/08/24,05:53:25.756000,00:37:07
com.sec.android.app.launcher,01/08/24,06:30:33.577000,00:00:05
com.samsung.android.app.notes,01/08/24,06:30:38.740000,00:00:37
com.sec.android.app.launcher,01/08/24,06:31:16.524000,00:10:31
com.fitbit.FitbitMobile,01/08/24,06:41:47.630000,00:00:27
com.pinterest,01/08/24,06:42:15.273000,00:49:13
com.spotify.music,01/08/24,07:31:28.694000,00:10:25
com.microsoft.office.outlook,01/08/24,07:41:53.799000,00:00:33
com.whatsapp,01/08/24,07:42:26.962000,00:00:54
com.sec.android.app.launcher,01/08/24,07:43:21.377000,00:11:34
com.samsung.android.messaging,01/08/24,07:54:55.817000,00:00:12
com.sec.android.app.sbrowser,01/08/24,07:55:08.442000,00:00:18
com.samsung.android.incallui,01/08/24,07:55:26.525000,00:00:47
com.sec.android.app.sbrowser,01/08/24,07:56:14.076000,00:00:11
com.microsoft.office.outlook,01/08/24,07:56:26.023000,00:00:16
com.sec.android.app.launcher,01/08/24,07:56:42.038000,00:04:38
com.samsung.android.messaging,01/08/24,08:01:20.596000,00:01:59
com.sec.android.app.launcher,01/08/24,08:03:19.829000,01:34:51
com.microsoft.office.outlook,01/08/24,09:38:11.370000,00:05:12
com.sec.android.app.launcher,01/08/24,09:43:23.727000,01:03:56
com.whatsapp,01/08/24,10:47:20.476000,00:00:16
com.sec.android.app.launcher,01/08/24,10:47:36.896000,00:05:10
com.whatsapp,01/08/24,10:52:47.709000,00:01:19
com.sec.android.app.launcher,01/08/24,10:54:07.634000,00:44:15
com.sec.android.app.sbrowser,01/08/24,11:38:22.832000,00:59:38
com.samsung.android.messaging,01/08/24,12:38:01.073000,00:00:58
com.sec.android.app.launcher,01/08/24,12:38:59.424000,01:36:31
com.whatsapp,01/08/24,14:15:30.486000,00:00:13
com.sec.android.app.launcher,01/08/24,14:15:44.013000,00:07:04
todolist.scheduleplanner.dailyplanner.todo.reminders,01/08/24,14:22:48.119000,00:00:04
com.sec.android.app.launcher,01/08/24,14:22:52.382000,00:05:37
com.sec.android.app.sbrowser,01/08/24,14:28:29.644000,00:54:11
com.sec.android.app.launcher,01/08/24,15:22:41.335000,00:00:06
com.sec.android.app.sbrowser,01/08/24,15:22:47.918000,00:14:14
com.sec.android.app.launcher,01/08/24,15:37:02.253000,00:00:07
com.duolingo,01/08/24,15:37:09.793000,00:00:13
com.duolingo,01/08/24,15:37:23.141000,00:02:42
com.sec.android.app.launcher,01/08/24,15:40:05.759000,00:02:14
com.sec.android.app.sbrowser,01/08/24,15:42:20.595000,02:59:31
com.whatsapp,01/08/24,18:41:51.984000,00:00:32
com.sec.android.app.sbrowser,01/08/24,18:42:24.504000,01:13:32
com.samsung.android.messaging,01/08/24,19:55:57.416000,00:15:09
com.samsung.android.incallui,01/08/24,20:11:06.626000,00:05:09
com.samsung.android.dialer,01/08/24,20:16:16.202000,00:00:19
com.spotify.music,01/08/24,20:16:35.366000,00:17:04
com.google.android.youtube,01/08/24,20:33:39.526000,00:00:00
com.google.android.youtube,01/08/24,20:33:39.526000,01:32:18
com.whatsapp,01/08/24,22:05:58.010000,00:04:02
com.spotify.music,01/08/24,22:10:00.503000,00:05:52
com.samsung.android.messaging,01/08/24,22:15:53.142000,00:24:32
com.sec.android.app.launcher,01/08/24,22:40:25.447000,00:00:16
com.whatsapp,01/08/24,22:40:42.437000,00:00:50
com.microsoft.office.outlook,01/08/24,22:41:32.666000,00:00:13
com.whatsapp,01/08/24,22:41:45.686000,00:00:11
com.google.android.gm,01/08/24,22:41:57.602000,00:00:12
com.sec.android.app.launcher,01/08/24,22:42:09.788000,00:11:58
com.sec.android.app.clockpackage,01/08/24,22:54:08.064000,00:06:28
com.sec.android.app.clockpackage,01/08/24,23:00:36.522000,08:18:25
com.sec.android.app.clockpackage,01/09/24,07:19:02.495000,00:34:59
com.jcdecaux.vls.ljubljana,01/09/24,07:54:02.198000,00:16:08
com.whatsapp,01/09/24,08:10:10.244000,00:07:45
com.sec.android.app.launcher,01/09/24,08:17:55.708000,00:00:38
com.google.android.youtube,01/09/24,08:18:34.678000,00:00:21
com.jcdecaux.vls.ljubljana,01/09/24,08:18:56.066000,00:00:59
com.microsoft.office.outlook,01/09/24,08:19:55.217000,00:00:46
com.sec.android.app.launcher,01/09/24,08:20:41.346000,00:01:40
com.whatsapp,01/09/24,08:22:21.902000,00:05:01
com.sec.android.app.launcher,01/09/24,08:27:23.818000,00:15:30
com.sec.android.app.sbrowser,01/09/24,08:42:54.297000,00:01:57
com.sec.android.app.launcher,01/09/24,08:44:51.690000,00:00:30
com.whatsapp,01/09/24,08:45:21.743000,00:09:58
com.sec.android.app.launcher,01/09/24,08:55:20.663000,00:02:11
com.whatsapp,01/09/24,08:57:32.247000,00:09:03
com.sec.android.app.launcher,01/09/24,09:06:36.066000,01:23:45
com.samsung.android.messaging,01/09/24,10:30:21.368000,00:00:30
com.sec.android.app.launcher,01/09/24,10:30:51.448000,00:48:26
com.whatsapp,01/09/24,11:19:18.297000,00:00:13
com.sec.android.app.launcher,01/09/24,11:19:32.244000,00:04:46
com.whatsapp,01/09/24,11:24:18.406000,00:00:21
com.sec.android.app.launcher,01/09/24,11:24:40.077000,00:00:14
com.google.android.gm,01/09/24,11:24:54.320000,00:06:07
com.samsung.android.incallui,01/09/24,11:31:02.167000,00:05:06
com.google.android.gm,01/09/24,11:36:08.989000,00:00:03
com.whatsapp,01/09/24,11:36:12.713000,00:06:25
com.sec.android.app.launcher,01/09/24,11:42:37.961000,00:29:08
com.whatsapp,01/09/24,12:11:46.124000,00:00:10
com.sec.android.app.launcher,01/09/24,12:11:56.255000,01:08:17
com.whatsapp,01/09/24,13:20:13.668000,00:00:19
com.sec.android.app.launcher,01/09/24,13:20:33.228000,00:50:47
com.margento.studentskaprehrana,01/09/24,14:11:21.171000,00:34:46
com.whatsapp,01/09/24,14:46:07.683000,00:08:56
com.margento.studentskaprehrana,01/09/24,14:55:04.377000,00:47:12
com.sec.android.app.launcher,01/09/24,15:42:16.767000,00:00:24
com.samsung.android.messaging,01/09/24,15:42:40.891000,00:58:21
com.samsung.android.incallui,01/09/24,16:41:02.480000,00:02:29
com.samsung.android.messaging,01/09/24,16:43:32.118000,01:15:05
com.samsung.android.incallui,01/09/24,17:58:37.408000,00:29:39
com.samsung.android.messaging,01/09/24,18:28:16.759000,00:00:50
com.whatsapp,01/09/24,18:29:06.996000,00:04:36
com.samsung.android.messaging,01/09/24,18:33:43.882000,00:00:37
com.sec.android.app.launcher,01/09/24,18:34:21.552000,00:11:09
com.sec.android.app.clockpackage,01/09/24,18:45:31.023000,00:25:31
com.sec.android.app.launcher,01/09/24,19:11:02.558000,00:00:13
com.jcdecaux.vls.ljubljana,01/09/24,19:11:15.957000,00:02:26
com.android.settings,01/09/24,19:13:42.251000,00:01:19
com.samsung.android.dialer,01/09/24,19:15:01.448000,00:00:05
com.samsung.android.incallui,01/09/24,19:15:06.939000,00:00:27
com.spotify.music,01/09/24,19:15:34.018000,00:00:12
com.samsung.android.incallui,01/09/24,19:15:46.414000,00:03:55
com.spotify.music,01/09/24,19:19:41.802000,00:01:36
com.jcdecaux.vls.ljubljana,01/09/24,19:21:18.332000,00:30:04
com.pinterest,01/09/24,19:51:22.507000,00:00:00
com.pinterest,01/09/24,19:51:23.392000,00:04:25
com.sec.android.app.launcher,01/09/24,19:55:48.591000,00:00:01
com.samsung.android.messaging,01/09/24,19:55:49.942000,00:01:54
com.spotify.music,01/09/24,19:57:44.114000,00:12:14
com.samsung.android.app.notes,01/09/24,20:09:58.381000,00:03:44
com.spotify.music,01/09/24,20:13:43.359000,00:19:10
com.samsung.android.app.notes,01/09/24,20:32:53.619000,00:10:35
com.samsung.android.app.notes,01/09/24,20:43:28.723000,00:07:47
com.sec.android.app.launcher,01/09/24,20:51:16.354000,00:00:10
com.sec.android.app.clockpackage,01/09/24,20:51:26.461000,00:01:06
com.sec.android.app.launcher,01/09/24,20:52:33.373000,00:06:14
com.samsung.android.app.notes,01/09/24,20:58:48.044000,00:16:13
com.google.android.apps.maps,01/09/24,21:15:01.431000,00:00:13
com.google.android.apps.maps,01/09/24,21:15:15.009000,00:08:36
com.spotify.music,01/09/24,21:23:51.933000,00:00:24
com.jcdecaux.vls.ljubljana,01/09/24,21:24:16.596000,00:00:16
com.spotify.music,01/09/24,21:24:33.270000,00:01:32
com.samsung.android.messaging,01/09/24,21:26:05.858000,00:28:14
com.sec.android.app.launcher,01/09/24,21:54:19.910000,00:02:47
com.whatsapp,01/09/24,21:57:07.528000,00:00:02
com.samsung.android.messaging,01/09/24,21:57:10.265000,00:09:12
com.spotify.music,01/09/24,22:06:22.573000,00:00:14
com.spotify.music,01/09/24,22:06:37.557000,00:47:35
com.duolingo,01/09/24,22:54:13.324000,00:02:44
com.sec.android.app.launcher,01/09/24,22:56:57.636000,00:00:41
com.sec.android.app.clockpackage,01/09/24,22:57:38.836000,08:21:23
com.sec.android.app.clockpackage,01/10/24,07:19:02.461000,00:17:57
com.sec.android.app.launcher,01/10/24,07:37:00.121000,00:00:15
com.samsung.android.app.notes,01/10/24,07:37:15.918000,00:41:18
com.whatsapp,01/10/24,08:18:34.679000,00:00:14
com.samsung.android.app.notes,01/10/24,08:18:49.320000,00:10:08
com.jcdecaux.vls.ljubljana,01/10/24,08:28:57.426000,00:17:52
com.sec.android.app.launcher,01/10/24,08:46:49.428000,00:00:31
com.whatsapp,01/10/24,08:47:21.031000,00:00:56
com.samsung.android.messaging,01/10/24,08:48:17.853000,00:00:52
com.google.android.gm,01/10/24,08:49:10.488000,00:00:22
com.sec.android.app.launcher,01/10/24,08:49:33.222000,00:00:41
com.whatsapp,01/10/24,08:50:14.276000,00:05:19
com.google.android.permissioncontroller,01/10/24,08:55:33.489000,00:00:12
com.whatsapp,01/10/24,08:55:45.854000,00:01:59
com.google.android.apps.docs.editors.docs,01/10/24,08:57:45.388000,00:00:28
android,01/10/24,08:58:13.521000,00:00:15
com.google.android.apps.docs.editors.docs,01/10/24,08:58:28.934000,00:06:15
com.sec.android.app.launcher,01/10/24,09:04:44.146000,00:00:07
com.google.android.gm,01/10/24,09:04:51.331000,00:00:24
com.whatsapp,01/10/24,09:05:15.510000,00:00:25
com.whatsapp,01/10/24,09:05:41.208000,00:01:35
com.sec.android.app.launcher,01/10/24,09:07:16.292000,00:08:55
com.samsung.android.messaging,01/10/24,09:16:12.157000,00:01:37
com.sec.android.app.launcher,01/10/24,09:17:49.532000,00:02:25
com.samsung.android.messaging,01/10/24,09:20:14.536000,00:11:40
com.whatsapp,01/10/24,09:31:54.646000,00:05:00
com.samsung.android.messaging,01/10/24,09:36:54.830000,00:15:43
com.whatsapp,01/10/24,09:52:38.510000,00:00:10
com.sec.android.app.launcher,01/10/24,09:52:48.581000,00:46:41
com.whatsapp,01/10/24,10:39:29.631000,00:10:56
com.samsung.android.messaging,01/10/24,10:50:26.574000,00:00:03
com.whatsapp,01/10/24,10:50:29.675000,00:25:06
com.samsung.android.messaging,01/10/24,11:15:35.989000,01:51:23
com.whatsapp,01/10/24,13:06:59.539000,00:00:35
com.google.android.apps.docs.editors.docs,01/10/24,13:07:35.536000,00:06:09
com.google.android.documentsui,01/10/24,13:13:44.664000,00:00:23
com.whatsapp,01/10/24,13:14:08.629000,00:00:29
com.google.android.apps.docs.editors.docs,01/10/24,13:14:38.366000,00:00:22
com.sec.android.app.launcher,01/10/24,13:15:01.158000,01:42:03
com.jcdecaux.vls.ljubljana,01/10/24,14:57:04.803000,00:08:41
com.jcdecaux.vls.ljubljana,01/10/24,15:05:46.026000,00:07:08
com.sec.android.app.launcher,01/10/24,15:12:54.526000,00:00:30
com.margento.studentskaprehrana,01/10/24,15:13:25.392000,00:46:46
com.whatsapp,01/10/24,16:00:11.616000,00:00:13
com.margento.studentskaprehrana,01/10/24,16:00:25.006000,01:56:34
com.whatsapp,01/10/24,17:56:59.182000,00:00:06
com.sec.android.app.launcher,01/10/24,17:57:05.320000,01:52:53
com.google.android.youtube,01/10/24,19:49:58.561000,00:01:38
com.samsung.android.messaging,01/10/24,19:51:37.426000,00:01:13
com.sec.android.app.launcher,01/10/24,19:52:51.175000,00:36:59
com.samsung.android.messaging,01/10/24,20:29:50.905000,00:00:10
com.google.android.apps.maps,01/10/24,20:30:01.379000,00:01:00
com.sec.android.app.launcher,01/10/24,20:31:01.472000,00:00:40
com.samsung.android.incallui,01/10/24,20:31:41.866000,00:09:03
de.dm.meindm.android,01/10/24,20:40:45.377000,00:02:44
com.sec.android.app.launcher,01/10/24,20:43:30.349000,00:00:02
com.google.android.apps.maps,01/10/24,20:43:32.699000,00:00:32
com.spotify.music,01/10/24,20:44:04.895000,00:03:39
com.samsung.android.messaging,01/10/24,20:47:44.613000,00:06:50
com.spotify.music,01/10/24,20:54:35.121000,00:13:09
com.sec.android.app.launcher,01/10/24,21:07:44.681000,00:00:14
com.google.android.youtube,01/10/24,21:07:59.499000,00:00:00
com.google.android.youtube,01/10/24,21:07:59.499000,00:49:33
com.sec.android.app.launcher,01/10/24,21:57:33.333000,00:17:44
com.duolingo,01/10/24,22:15:17.831000,00:00:09
com.duolingo,01/10/24,22:15:27.164000,00:02:21
com.sec.android.app.launcher,01/10/24,22:17:48.890000,01:09:59
com.sec.android.app.clockpackage,01/10/24,23:27:48.721000,07:51:12
com.sec.android.app.clockpackage,01/11/24,07:19:01.176000,00:31:22
com.samsung.android.incallui,01/11/24,07:50:23.285000,00:08:25
com.sec.android.app.clockpackage,01/11/24,07:58:49.168000,00:00:17
com.spotify.music,01/11/24,07:59:06.842000,00:00:14
com.google.android.youtube,01/11/24,07:59:21.338000,00:00:35
com.android.settings,01/11/24,07:59:56.977000,00:00:11
com.google.android.youtube,01/11/24,08:00:08.086000,00:07:58
com.samsung.android.messaging,01/11/24,08:08:06.892000,00:02:14
com.sec.android.app.launcher,01/11/24,08:10:21.745000,00:11:54
com.whatsapp,01/11/24,08:22:16.315000,00:00:19
com.sec.android.app.launcher,01/11/24,08:22:35.506000,00:03:37
com.samsung.android.messaging,01/11/24,08:26:13.181000,00:49:52
com.sec.android.app.launcher,01/11/24,09:16:05.340000,00:00:05
com.quizlet.quizletandroid,01/11/24,09:16:10.436000,00:05:49
com.sec.android.app.sbrowser,01/11/24,09:22:00.088000,00:00:32
com.sec.android.app.launcher,01/11/24,09:22:33.062000,00:00:16
com.quizlet.quizletandroid,01/11/24,09:22:49.914000,00:00:37
com.sec.android.app.sbrowser,01/11/24,09:23:26.951000,00:00:43
com.quizlet.quizletandroid,01/11/24,09:24:10.164000,01:21:34
com.sec.android.app.launcher,01/11/24,10:45:44.192000,00:00:18
com.google.android.apps.docs.editors.docs,01/11/24,10:46:02.867000,00:24:59
com.microsoft.office.outlook,01/11/24,11:11:02.367000,00:00:11
com.jcdecaux.vls.ljubljana,01/11/24,11:11:14.207000,00:01:38
com.sec.android.app.launcher,01/11/24,11:12:52.348000,00:02:04
com.samsung.android.app.notes,01/11/24,11:14:57.141000,00:07:55
com.spotify.music,01/11/24,11:22:52.676000,00:04:11
com.jcdecaux.vls.ljubljana,01/11/24,11:27:04.091000,00:06:54
com.margento.studentskaprehrana,01/11/24,11:33:59.014000,00:01:45
com.spotify.music,01/11/24,11:35:44.024000,00:12:23
com.samsung.android.messaging,01/11/24,11:48:07.495000,00:00:39
com.sec.android.app.launcher,01/11/24,11:48:47.089000,00:00:27
com.google.android.youtube,01/11/24,11:49:14.152000,00:02:06
com.sec.android.app.launcher,01/11/24,11:51:20.754000,00:04:47
com.google.android.youtube,01/11/24,11:56:08.596000,00:00:15
com.whatsapp,01/11/24,11:56:23.602000,00:00:00
com.whatsapp,01/11/24,11:56:23.602000,00:13:37
com.google.android.youtube,01/11/24,12:10:01.147000,00:31:24
com.samsung.android.messaging,01/11/24,12:41:25.286000,00:08:36
com.google.android.youtube,01/11/24,12:50:01.519000,00:04:08
com.sec.android.app.sbrowser,01/11/24,12:54:09.543000,00:00:06
com.google.android.youtube,01/11/24,12:54:16.164000,00:00:00
com.google.android.youtube,01/11/24,12:54:16.164000,00:39:02
com.sec.android.app.clockpackage,01/11/24,13:33:18.793000,00:00:08
com.sec.android.app.clockpackage,01/11/24,13:33:27.584000,00:00:08
com.google.android.youtube,01/11/24,13:33:36.320000,00:08:21
com.sec.android.app.clockpackage,01/11/24,13:41:58.045000,00:00:46
com.google.android.youtube,01/11/24,13:42:44.304000,01:07:38
com.sec.android.app.launcher,01/11/24,14:50:23.261000,00:01:47
com.spotify.music,01/11/24,14:52:10.942000,00:07:10
com.samsung.android.messaging,01/11/24,14:59:21.116000,00:00:22
com.samsung.android.incallui,01/11/24,14:59:44.016000,00:12:39
com.samsung.android.messaging,01/11/24,15:12:23.936000,00:40:22
com.sec.android.app.launcher,01/11/24,15:52:46.773000,00:00:44
com.samsung.android.messaging,01/11/24,15:53:31.688000,02:22:18
com.android.settings,01/11/24,18:15:50.143000,00:00:26
com.google.android.youtube,01/11/24,18:16:16.960000,00:14:49
com.samsung.android.incallui,01/11/24,18:31:06.368000,00:00:38
com.samsung.android.messaging,01/11/24,18:31:45.343000,00:00:35
com.microsoft.office.outlook,01/11/24,18:32:21.060000,00:00:23
com.samsung.android.messaging,01/11/24,18:32:44.233000,00:10:37
com.whatsapp,01/11/24,18:43:22.115000,00:00:35
com.sec.android.app.launcher,01/11/24,18:43:58.095000,00:00:07
com.google.android.youtube,01/11/24,18:44:05.335000,00:08:42
com.sec.android.app.launcher,01/11/24,18:52:47.540000,01:17:55
com.samsung.android.incallui,01/11/24,20:10:43.150000,00:15:46
com.sec.android.app.launcher,01/11/24,20:26:29.384000,00:36:20
com.google.android.youtube,01/11/24,21:02:49.484000,00:00:24
com.sec.android.app.sbrowser,01/11/24,21:03:14.085000,00:00:01
com.google.android.youtube,01/11/24,21:03:15.977000,00:11:10
com.sec.android.app.launcher,01/11/24,21:14:26.196000,00:00:08
com.pinterest,01/11/24,21:14:34.994000,00:29:10
com.sec.android.app.launcher,01/11/24,21:43:45.812000,00:00:30
com.google.android.youtube,01/11/24,21:44:16.190000,00:21:49
com.whatsapp,01/11/24,22:06:05.834000,00:01:40
com.google.android.youtube,01/11/24,22:07:46.229000,00:39:44
com.google.android.apps.maps,01/11/24,22:47:30.306000,00:01:10
com.whatsapp,01/11/24,22:48:40.515000,00:00:10
com.samsung.android.messaging,01/11/24,22:48:50.920000,00:01:05
com.sec.android.app.launcher,01/11/24,22:49:56.724000,00:00:06
com.google.android.youtube,01/11/24,22:50:03.594000,00:19:02
com.google.android.youtube,01/11/24,23:09:05.939000,00:00:00
com.google.android.youtube,01/11/24,23:09:05.939000,00:36:00
com.whatsapp,01/11/24,23:45:06.194000,00:00:27
com.duolingo,01/11/24,23:45:33.513000,00:00:54
com.google.android.youtube,01/11/24,23:46:28.489000,00:02:37
com.google.android.youtube,01/11/24,23:49:06.220000,00:19:25
com.samsung.android.messaging,01/12/24,00:08:31.950000,00:00:34
com.google.android.youtube,01/12/24,00:09:06.358000,00:20:00
com.google.android.youtube,01/12/24,00:29:06.485000,00:44:11
com.sec.android.app.launcher,01/12/24,01:13:18,00:00:22
com.sec.android.app.clockpackage,01/12/24,01:13:40.731000,05:12:03
com.sec.android.app.launcher,01/12/24,06:25:44.105000,00:00:30
com.spotify.music,01/12/24,06:26:14.384000,00:12:35
com.samsung.android.messaging,01/12/24,06:38:50.008000,00:03:18
com.whatsapp,01/12/24,06:42:08.902000,00:00:12
com.samsung.android.app.notes,01/12/24,06:42:21.394000,00:00:11
com.sec.android.app.launcher,01/12/24,06:42:33.151000,00:00:22
com.whatsapp,01/12/24,06:42:55.969000,00:00:16
android,01/12/24,06:43:12.472000,00:00:12
com.google.android.documentsui,01/12/24,06:43:25.390000,00:00:10
com.google.android.gm,01/12/24,06:43:35.490000,00:00:13
com.sec.android.app.launcher,01/12/24,06:43:49.027000,00:00:10
com.whatsapp,01/12/24,06:43:59.104000,00:02:12
com.sec.android.app.launcher,01/12/24,06:46:11.376000,00:00:05
com.spotify.music,01/12/24,06:46:17.214000,00:19:20
com.samsung.android.app.notes,01/12/24,07:05:37.885000,00:03:32
com.sec.android.app.launcher,01/12/24,07:09:10.819000,00:00:12
com.jcdecaux.vls.ljubljana,01/12/24,07:09:22.973000,00:00:37
com.sec.android.app.launcher,01/12/24,07:10:00.261000,00:00:35
com.samsung.android.app.notes,01/12/24,07:10:36.080000,00:00:22
com.jcdecaux.vls.ljubljana,01/12/24,07:10:59.038000,00:02:37
com.spotify.music,01/12/24,07:13:36.389000,00:36:00
com.google.android.youtube,01/12/24,07:49:36.969000,00:00:16
com.spotify.music,01/12/24,07:49:53.179000,00:00:07
com.google.android.youtube,01/12/24,07:50:00.217000,00:05:15
com.quizlet.quizletandroid,01/12/24,07:55:15.631000,00:01:45
com.sec.android.app.launcher,01/12/24,07:57:01.469000,00:00:06
com.sec.android.app.clockpackage,01/12/24,07:57:08.084000,00:00:11
com.sec.android.app.clockpackage,01/12/24,07:57:19.872000,00:30:44
com.sec.android.app.sbrowser,01/12/24,08:28:04.575000,00:22:44
com.samsung.android.app.notes,01/12/24,08:50:49.381000,00:00:30
com.sec.android.app.launcher,01/12/24,08:51:20.152000,00:00:00
com.sec.android.app.launcher,01/12/24,08:51:20.152000,00:49:39
com.google.android.gm,01/12/24,09:40:59.323000,00:00:06
com.sec.android.app.launcher,01/12/24,09:41:06.158000,00:04:30
com.quizlet.quizletandroid,01/12/24,09:45:36.852000,00:12:19
com.microsoft.office.outlook,01/12/24,09:57:56.004000,00:00:35
com.quizlet.quizletandroid,01/12/24,09:58:31.445000,00:13:20
com.sec.android.app.sbrowser,01/12/24,10:11:52.036000,00:00:24
com.sec.android.app.sbrowser,01/12/24,10:12:16.635000,00:25:52
com.sec.android.app.launcher,01/12/24,10:38:08.855000,00:00:10
com.samsung.android.app.notes,01/12/24,10:38:19.434000,00:02:40
com.sec.android.app.launcher,01/12/24,10:41:00.226000,00:00:19
com.spotify.music,01/12/24,10:41:19.623000,00:03:38
com.jcdecaux.vls.ljubljana,01/12/24,10:44:57.658000,00:08:11
com.sec.android.app.launcher,01/12/24,10:53:09.046000,00:00:58
com.duolingo,01/12/24,10:54:07.319000,00:01:38
com.sec.android.app.launcher,01/12/24,10:55:45.963000,00:00:46
com.margento.studentskaprehrana,01/12/24,10:56:32.390000,00:02:43
com.android.settings,01/12/24,10:59:16.337000,00:00:12
com.sec.android.app.sbrowser,01/12/24,10:59:28.698000,00:02:02
com.samsung.android.incallui,01/12/24,11:01:31.510000,00:00:22
com.sec.android.app.launcher,01/12/24,11:01:54.216000,00:00:13
com.google.android.youtube,01/12/24,11:02:07.429000,00:01:50
com.sec.android.app.launcher,01/12/24,11:03:57.764000,00:00:17
com.spotify.music,01/12/24,11:04:15.048000,00:00:37
com.sec.android.app.sbrowser,01/12/24,11:04:52.769000,00:00:30
com.samsung.android.incallui,01/12/24,11:05:23.335000,00:02:55
com.sec.android.app.launcher,01/12/24,11:08:18.511000,00:00:38
com.sec.android.app.sbrowser,01/12/24,11:08:56.665000,00:00:47
com.spotify.music,01/12/24,11:09:44.174000,00:00:26
com.sec.android.app.launcher,01/12/24,11:10:10.540000,00:00:39
com.spotify.music,01/12/24,11:10:49.769000,00:02:57
com.google.android.youtube,01/12/24,11:13:47.500000,00:02:36
com.samsung.android.messaging,01/12/24,11:16:24.448000,00:04:01
com.sec.android.app.launcher,01/12/24,11:20:25.956000,00:00:02
com.google.android.youtube,01/12/24,11:20:28.116000,00:08:06
com.google.android.youtube,01/12/24,11:28:34.313000,00:12:54
com.spotify.music,01/12/24,11:41:29.228000,00:09:31
com.google.android.youtube,01/12/24,11:51:00.253000,00:43:36
com.samsung.android.incallui,01/12/24,12:34:36.987000,00:03:41
com.sec.android.app.launcher,01/12/24,12:38:18.858000,00:00:12
com.google.android.youtube,01/12/24,12:38:31.287000,01:05:23
com.samsung.android.incallui,01/12/24,13:43:54.713000,00:03:06
com.sec.android.app.launcher,01/12/24,13:47:01.094000,00:00:24
com.samsung.android.dialer,01/12/24,13:47:26.025000,00:00:07
com.samsung.android.incallui,01/12/24,13:47:33.142000,00:01:11
com.samsung.android.dialer,01/12/24,13:48:44.305000,00:00:08
com.sec.android.app.launcher,01/12/24,13:48:52.888000,00:00:27
com.sec.android.app.sbrowser,01/12/24,13:49:20.756000,00:04:45
com.sec.android.app.sbrowser,01/12/24,13:54:06.183000,00:08:20
com.sec.android.app.launcher,01/12/24,14:02:26.594000,00:00:26
com.samsung.android.messaging,01/12/24,14:02:53.416000,00:02:25
com.sec.android.app.sbrowser,01/12/24,14:05:18.526000,00:00:17
com.sec.android.app.launcher,01/12/24,14:05:35.994000,00:05:07
com.sec.android.app.sbrowser,01/12/24,14:10:43.242000,00:11:11
com.pinterest,01/12/24,14:21:54.910000,00:14:24
com.google.android.youtube,01/12/24,14:36:19.371000,00:41:53
com.sec.android.app.launcher,01/12/24,15:18:13.324000,00:16:07
com.samsung.android.incallui,01/12/24,15:34:21.301000,00:01:03
com.sec.android.app.launcher,01/12/24,15:35:24.646000,00:10:58
com.samsung.android.incallui,01/12/24,15:46:23.480000,00:01:22
com.samsung.android.dialer,01/12/24,15:47:46.321000,00:06:01
com.samsung.android.incallui,01/12/24,15:53:48.098000,00:03:07
com.samsung.android.dialer,01/12/24,15:56:55.468000,00:00:06
com.google.android.youtube,01/12/24,15:57:01.948000,00:10:53
com.sec.android.app.launcher,01/12/24,16:07:55.439000,00:00:04
com.sec.android.app.clockpackage,01/12/24,16:07:59.985000,00:00:21
com.google.android.youtube,01/12/24,16:08:21.054000,00:43:10
com.sec.android.app.launcher,01/12/24,16:51:31.231000,00:08:58
com.sec.android.app.launcher,01/12/24,17:00:30.157000,00:00:00
